title,score,id,subreddit,url,num_comments,body,created
Any idea on how to keep them clean? Aside from not wearing them?,2,xwlukp,Addidas,https://i.redd.it/xuy9010mu1s91.jpg,2,,1665002800.0
OnlyFans,1,xw9v1e,Addidas,https://onlyfans.com/lorenafc,0,,1664974354.0
Wales Bonner Samba Cleaning,1,xw1afi,Addidas,https://www.reddit.com/r/Addidas/comments/xw1afi/wales_bonner_samba_cleaning/,0,"Hey y‚Äôall, recent owner of the cream green Wales Bonner Sambas. I absolutely love them to death but my one issue is I don‚Äôt know how to clean the suede. I know how to clean normal suede but the suede on this shoe is very fuzzy and captures dirt easier and stains a lot easier. And cleaning tips or tricks to keeping the fuzzy suede as close to its original fluff and color?",1664946325.0
What style are these?,8,xsd8hm,Addidas,https://i.redd.it/t7ivhbp5e2r91.jpg,2,,1664573515.0
"Can't find this hoodie, can someone help me.",15,xrvoth,Addidas,https://i.redd.it/7ha72rameyq91.jpg,2,,1664525273.0
"#‡§ï‡•ç‡§Ø‡§æ_‡§Ü‡§™_‡§ú‡§æ‡§®‡§§‡•á_‡§π‡•à‡§Ç ‡§ú‡§¨ ‡§¨‡•ç‡§∞‡§π‡•ç‡§Æ‡§æ ‡§ú‡•Ä ‡§®‡•á ‡§µ‡•á‡§¶‡•ã‡§Ç ‡§ï‡•ã ‡§™‡•ù‡§æ ‡§§‡•ã ‡§¨‡§π‡•ç‡§Æ‡§æ ‡§ú‡•Ä ‡§Æ‡§æ‡§§‡§æ ‡§¶‡•Å‡§∞‡•ç‡§ó‡§æ ‡§ú‡•Ä ‡§∏‡•á ‡§™‡•Ç‡§õ‡§§‡•á ‡§π‡•à‡§Ç ‡§ï‡§ø ‡§π‡•á ‡§Æ‡§æ‡§§‡•á ‡§µ‡•á‡§¶‚Äå ‡§™‡§∞‡§Æ‡•á‡§∂‡•ç‡§µ‡§∞ ‡§ï‡•É‡§§ ‡§π‡•à‡§Ç, ‡§Æ‡•à‡§Ç‡§®‡•á ‡§µ‡•á‡§¶‡•ã‡§Ç ‡§Æ‡•á‡§Ç ‡§™‡•ù‡§æ ‡§π‡•à ‡§ï‡§ø ‡§ï‡•ã‡§à ‡§î‡§∞ ‡§™‡§∞‡§Æ ‡§∂‡§ï‡•ç‡§§‡§ø ‡§π‡•à‡•§ ‡§â‡§∏ ‡§™‡•Ç‡§∞‡•ç‡§£ ‡§™‡§∞‡§Æ‡•á‡§∂‡•ç‡§µ‡§∞ ‡§ï‡•Ä ‡§ú‡§æ‡§®‡§ï‡§æ‡§∞‡•Ä ‡§ï‡•á ‡§≤‡§ø‡§è ‡§Ö‡§µ‡§∂‡•ç‡§Ø ‡§™‡•ù‡•á‡§Ç ‡§ú‡•ç‡§û‡§æ‡§® ‡§ó‡§Ç‡§ó‡§æ‡•§ Navratri Quiz",0,xpzhxd,Addidas,https://i.redd.it/w2hseufuaiq91.jpg,4,,1664330269.0
i just got a pair off yezzy rnnr and they fit like 0.5 cm to small is it a way to fix it,1,xl1gdz,Addidas,https://www.reddit.com/r/Addidas/comments/xl1gdz/i_just_got_a_pair_off_yezzy_rnnr_and_they_fit/,2,i bought some yezzy rnnr and they feel too small is there is a way and get it to be a little bigger so they fit.,1663853406.0
Shorts,11,xgm4mm,Addidas,https://i.redd.it/xbhxh8cw4fo91.jpg,2,,1663420267.0
Are these rare? my cousin got them in 2013 and have them to me,26,xff37d,Addidas,https://i.redd.it/hqa12bwit4o91.jpg,4,,1663295357.0
What are these? I bought them at Costco years back for like 25 bucks and they were so comfy. (Now lawn mowing shoes),19,xb4grx,Addidas,https://i.redd.it/19f7tay9j4n91.jpg,8,,1662856060.0
Trying to find the name of these shoes. Made some time around 2011-2015,7,x9v2gr,Addidas,https://i.redd.it/gnt45r0x0um91.jpg,1,,1662728817.0
Find god,3,x6uijv,Addidas,https://www.reddit.com/r/Addidas/comments/x6uijv/find_god/,0,"Y‚Äôall need to find god, praise Kanye, and stop making fake Yeezys",1662420038.0
"#‡¶™‡ßÉ‡¶•‡¶ø‡¶¨‡ßÄ‡¶§‡ßá_‡¶Ö‡¶¨‡¶§‡¶æ‡¶∞ Saint Rampal Ji Maharaj's main aim is , to put an end to the hypocrisy prevalent in the spiritual path and to conduct a comparative review of all scriptures and to present scriptural devotion to the masses.",0,x6xmfq,Addidas,https://i.redd.it/rphaqh8f85m91.jpg,0,,1662428667.0
"#SantRampalJiMaharaj ‡§ú‡•Ä ‡§ï‡§æ ‡§â‡§¶‡•ç‡§¶‡•á‡§∂‡•ç‡§Ø ‡§π‡•à ‡§ï‡§ø ‡§Ø‡•Å‡§µ‡§æ‡§ì‡§Ç ‡§ï‡§æ ‡§®‡•à‡§§‡§ø‡§ï ‡§µ ‡§Ü‡§ß‡•ç‡§Ø‡§æ‡§§‡•ç‡§Æ‡§ø‡§ï ‡§â‡§§‡•ç‡§•‡§æ‡§® ‡§π‡•ã‡•§ ‡§π‡§∞ ‡§µ‡•ç‡§Ø‡§ï‡•ç‡§§‡§ø ‡§à‡§Æ‡§æ‡§®‡§¶‡§æ‡§∞‡•Ä ‡§∏‡•á ‡§ï‡§æ‡§∞‡•ç‡§Ø ‡§ï‡§∞‡•á‡•§ ‡§ï‡•ã‡§à ‡§ï‡§ø‡§∏‡•Ä ‡§ï‡•ã ‡§†‡§ó‡•á ‡§®‡§π‡•Ä‡§Ç‡•§ ‡§ï‡§¨‡•Ä‡§∞ ‡§™‡§∞‡§Æ‡•á‡§∂‡•ç‡§µ‡§∞ ‡§ú‡•Ä ‡§ï‡•Ä ‡§µ‡§æ‡§£‡•Ä ‡§π‡•à ‚Äì ‡§ï‡§¨‡•Ä‡§∞,‡§Ü‡§™ ‡§†‡§ó‡§æ‡§à‡§Ø‡•á,‡§î‡§∞ ‡§® ‡§†‡§ó‡§ø‡§Ø‡•á ‡§ï‡•ã‡§Ø‡•§ ‡§Ü‡§™ ‡§†‡§ó‡§æ‡§Ø‡•á ‡§∏‡•Å‡§ñ ‡§π‡•ã‡§§ ‡§π‡•à, ‡§î‡§∞ ‡§†‡§ó‡•á ‡§¶‡•Å‡§É‡§ñ ‡§π‡•ã‡§Ø‡•§‡•§ 3 Days left for Avataran Diwas",0,x64tfr,Addidas,https://www.reddit.com/r/Addidas/comments/x64tfr/santrampaljimaharaj_‡§ú_‡§ï_‡§â‡§¶‡§¶‡§∂‡§Ø_‡§π_‡§ï_‡§Ø‡§µ‡§ì_‡§ï_‡§®‡§§‡§ï_‡§µ/,0,,1662345681.0
the fact that everything has to cost money is crazy. like not even from a fun & frivolous standpoint. it literally costs money just to be alive. to be healthy. the phrase ‚Äúcost of living‚Äù just fills me with instant dread. cost. to live. be alive and well and have a home. food. healthcare,7,x4qs0y,Addidas,https://www.reddit.com/r/Addidas/comments/x4qs0y/the_fact_that_everything_has_to_cost_money_is/,4,,1662199298.0
Opinions wanted,17,x499y2,Addidas,https://i.redd.it/2dlth2pgrhl91.jpg,11,"What do you guys think about those adidas pants? My boyfriend loves them and asked several people for their opinion. Most people said, that they think they‚Äôre okay for chilling at home or going to the gym others said they‚Äôre ugly. Of course he can wear whatever he feels comfortable in, we just wanted to get more opinions for fun.",1662144506.0
"‡≤∏‡≤Ç‡≤§ ‡≤∞‡≤æ‡≤Æ‡≥ç‚Äå‡≤™‡≤æ‡≤≤‡≥ç ‡≤Æ‡≤π‡≤æ‡≤∞‡≤æ‡≤ú‡≤∞‡≥Å ‡≤®‡≥Ä‡≤°‡≤ø‡≤¶ ‡≤ú‡≥ç‡≤û‡≤æ‡≤®‡≤µ‡≥Å ‡≤™‡≥ç‡≤∞‡≤™‡≤Ç‡≤ö‡≤¶‡≤æ‡≤¶‡≥ç‡≤Ø‡≤Ç‡≤§ ‡≤π‡≤∞‡≤°‡≥Å‡≤§‡≥ç‡≤§‡≤ø‡≤¶‡≥Ü. ‡≤¶‡≥Ä‡≤ï‡≥ç‡≤∑‡≥Ü‡≤Ø‡≤®‡≥ç‡≤®‡≥Å ‡≤§‡≥Ü‡≤ó‡≥Ü‡≤¶‡≥Å‡≤ï‡≥ä‡≤≥‡≥ç‡≤≥‡≥Å‡≤µ‡≤µ‡≤∞‡≥Å ‡≤é‡≤≤‡≥ç‡≤≤‡≤æ ‡≤∏‡≥Å‡≤ñ‡≤µ‡≤®‡≥ç‡≤®‡≥Å ‡≤™‡≤°‡≥Ü‡≤Ø‡≥Å‡≤§‡≥ç‡≤§‡≤æ‡≤∞‡≥Ü, ‡≤è‡≤ï‡≥Ü‡≤Ç‡≤¶‡≤∞‡≥Ü ‡≤ï‡≥á‡≤µ‡≤≤ ‡≤∏‡≤Ç‡≤§ ‡≤∞‡≤æ‡≤Æ‡≥ç‚Äå‡≤™‡≤æ‡≤≤‡≥ç ‡≤Æ‡≤π‡≤æ‡≤∞‡≤æ‡≤ú‡≤∞ ‡≤¨‡≤≥‡≤ø ‡≤™‡≤∞‡≤Æ‡≤æ‡≤§‡≥ç‡≤Æ‡≤® ‡≤®‡≤ø‡≤ú‡≤µ‡≤æ‡≤¶ ‡≤Ü‡≤ß‡≥ç‡≤Ø‡≤æ‡≤§‡≥ç‡≤Æ‡≤ø‡≤ï ‡≤∏‡≤æ‡≤ß‡≤®‡≥Ü ‡≤á‡≤¶‡≥Ü. #‡≤∏‡≤Ç‡≤§‡≤∞‡≤æ‡≤Ç‡≤™‡≤æ‡≤≤‡≥ç‡≤∞‡≤µ‡≤∞‡≤∏‡≤Ç‡≤ò‡≤∞‡≥ç‡≤∑ 5 Days Left For Avataran Diwas",0,x4iu3j,Addidas,https://i.redd.it/e6tn7lsfxjl91.jpg,0,,1662170729.0
"I have been looking for these all morning, does anyone know the name of the shoe?",11,x394o4,Addidas,https://i.redd.it/le6cp1zec9l91.png,6,,1662042622.0
Disappointed,26,x0myhd,Addidas,https://i.redd.it/4tuvvhz27nk91.jpg,13,"I‚Äôm a nurse who loves his Addidas, but having my grand courts fail as quick as this pair has is just sad. üò•",1661774473.0
Please help identify these shoes!,0,wzxxsu,Addidas,https://www.reddit.com/gallery/wzxxsu,3,I‚Äôve had these shoes for a very long time and would like to get a new pair of the exact ones but can‚Äôt find any that look similar :(,1661699897.0
love is the greatest,1,wzjr0v,Addidas,https://www.reddit.com/r/Addidas/comments/wzjr0v/love_is_the_greatest/,0,LOVE IS THE GREATEST,1661652303.0
Anyone know what shoe this is?,5,wyc9o6,Addidas,https://i.redd.it/uoxw2mogu2k91.jpg,4,,1661528064.0
Anyone know what shoes these are? I asked the guy who posted and he dubbed me lmfao,16,wwcmpw,Addidas,https://i.redd.it/48q5fqcb2mj91.jpg,4,,1661324887.0
Adidas says CEO Rorsted to step down from his position in 2023,7,wv5hdk,Addidas,https://www.reddit.com/r/Addidas/comments/wv5hdk/adidas_says_ceo_rorsted_to_step_down_from_his/,1,"[Adidas says CEO Rorsted to step down from his position in 2023](https://candorium.com/news/20220822212921/adidas-says-ceo-rorsted-to-step-down-from-his-position-in-2023?utm_source=reddit&utm_medium=social&utm_campaign=news_post_social&utm_term=daily_news&utm_content=news_post_kathi_04)

**‚Ä¢ Rorsted will remain in office until a successor has been appointed**

German sporting goods maker Adidas on Monday said that its Chief Executive Kasper Rorsted would step down from his position next year, although his contract is due to run out.

The company said it had started searching for a successor, and Rorsted will remain in office until a successor has been appointed.",1661203058.0
When your kid finally grows into the sneakers you NEEDED him to have,22,wu02ly,Addidas,https://www.reddit.com/gallery/wu02ly,1,,1661089787.0
When Are These ZX8000 Halloweens Gonna Come Out??,3,wtfh2a,Addidas,https://www.reddit.com/r/Addidas/comments/wtfh2a/when_are_these_zx8000_halloweens_gonna_come_out/,1,"&#x200B;

[Heard They Were Coming Out In October Last Year, Never Saw Em](https://preview.redd.it/ei2bj0ur7xi91.jpg?width=1140&format=pjpg&auto=webp&s=fa9df229880b91ffe791c9540b7e1b6edd0d1919)",1661024078.0
PLEASE HELP ME FIND THESE. My boyfriend is obsessed with them and I really wanna try to find them and surprise him with them,17,wsvpgk,Addidas,https://www.reddit.com/gallery/wsvpgk,4,,1660961886.0
Fake or Real? Never owned Gazelles before,21,wpxshu,Addidas,https://www.reddit.com/gallery/wpxshu,4,,1660665046.0
can anyone tell me what t-shirt this is as my cousin gave it to me years ago and now its reached the end of the line and I really want to buy a new one,6,wp02sf,Addidas,https://www.reddit.com/gallery/wp02sf,6,,1660571131.0
Mo Salah doing an Ad for Addidas with Adult Swim's Rick and Morty!! So cool!,10,wnwmh2,Addidas,https://www.youtube.com/watch?v=sE6Ox3ikCMU,0,,1660448670.0
Is the Addidas logo reflective and silver,2,wo43dm,Addidas,https://www.reddit.com/r/Addidas/comments/wo43dm/is_the_addidas_logo_reflective_and_silver/,0,,1660476148.0
Join the Celebhub Discord Server!,0,wnn98h,Addidas,https://discord.gg/aWMR6b6h,0,,1660420869.0
Darth Vader or Venom vibes,66,wmah17,Addidas,https://i.redd.it/wyetpk8x97h91.jpg,8,,1660274145.0
Sigiriya,2,wmt8gd,Addidas,https://www.reddit.com/r/Addidas/comments/wmt8gd/sigiriya/,0,"Learn more about Sigiriya, the eighth wonder of the world.

[https://theworldtravelerguide.blogspot.com/](https://theworldtravelerguide.blogspot.com/)

&#x200B;

&#x200B;

https://preview.redd.it/8uptx5bizbh91.jpg?width=1000&format=pjpg&auto=webp&s=db02ed3abf617a8b6581d25af33c878ce4ca0fe2",1660331195.0
Remove oxidation from ultraboost 22?,13,wkuw8z,Addidas,https://www.reddit.com/gallery/wkuw8z,4,,1660130594.0
Is this Fake,14,wk0reu,Addidas,https://www.reddit.com/gallery/wk0reu,11,,1660044114.0
Guys I need help ID‚Äôing these adidas they were my favorite I‚Äôve ever had and I‚Äôd love to have another pair! Any help would be extremely appreciated!,32,wjjtbr,Addidas,https://i.redd.it/u4qjx4wjyjg91.jpg,13,,1659991862.0
Please ID these.,24,wct7l6,Addidas,https://www.reddit.com/gallery/wct7l6,7,"I brought these maybe 10+ years ago when I didn‚Äôt have any taste. 

They were brought from Schuh in England. Apart form the obvious that they are Stan Smiths, I have no idea if they were a special edition etc, any help will be appreciated.",1659286324.0
huh,0,wd0lhp,Addidas,https://v.redd.it/pgcw4x57s0f91,2,,1659305865.0
Is this fake,12,wbti7t,Addidas,https://www.reddit.com/gallery/wbti7t,14,,1659173206.0
bought these copa mundials about a week ago and have played in them 2 or 3 times and there is a little crack in the plastic on the sole. would this be an issue going forward and if so should I exchange them for another pair?,1,wbh2v6,Addidas,https://i.redd.it/0ejiucowyke91.jpg,1,,1659132401.0
Vintage Adidas shoes id needed,17,wao0r1,Addidas,https://www.reddit.com/gallery/wao0r1,2,Can anyone identify what these shoes are called ? ‚ù§Ô∏è‚Äçüî•,1659049010.0
"Help finding the name of this jacket! Need to buy the same one, but can not find this style anywhere!!! Please help",6,wae6nz,Addidas,https://www.reddit.com/gallery/wae6nz,1,,1659025291.0
Tf is this glitch?,22,w7ryxc,Addidas,https://v.redd.it/t26t8nspyrd91,2,,1658763231.0
"First pair at 20 yrs, rekindling my middle school skating days at my quarter life crisis",17,vpm4p0,Addidas,https://www.reddit.com/r/Addidas/comments/vpm4p0/first_pair_at_20_yrs_rekindling_my_middle_school/,1,"&#x200B;

https://preview.redd.it/syyi2xlpv3991.png?width=910&format=png&auto=webp&s=528df5357e18ccb598a9f95c8b2a69c8e838b572",1656746437.0
https://www.binance.com/es-LA/activity/referral-entry?fromActivityPage=true&ref=LIMIT_FYAIDDYI,1,vojkhb,Addidas,https://i.redd.it/5xzc9jiwut891.jpg,0,,1656624919.0
BULL Hoodie dress üì∑üì∑,2,vo405j,Addidas,https://www.reddit.com/r/Addidas/comments/vo405j/bull_hoodie_dress/,0,"[\#ShopNow](https://www.facebook.com/hashtag/shopnow?__eep__=6&__cft__[0]=AZXHW1sDhIhUHjTk133EYPFtDGRMDXYVLqoKnX1qu5iqqCJfLxeDY_d2Nbtwa83n4AF3XM_TJdbZ2CKH67b__3oFpjS6UbKChmL4JLWwEGqHkbeAN3RWDvz1SJMmIJi8gr_S9eLYnwpRC8907inH26MnIjC08UqZo0XamrlPTlZQsg&__tn__=*NK-R)

BULL Hoodie dress üì∑üì∑

üì∑ Worldwide Shippingüì∑ Secure Online Paymentüì∑ Fast Customer Support

https://preview.redd.it/rog6y43k7q891.jpg?width=1000&format=pjpg&auto=webp&s=e14e29928a309427c7183addd401984332240f30

https://preview.redd.it/d36ohvwj7q891.jpg?width=1000&format=pjpg&auto=webp&s=1a3be72941fab346bf598f0c0a5ec82ec0b4fbf2

https://preview.redd.it/k2kghvwj7q891.jpg?width=1000&format=pjpg&auto=webp&s=32bc44016484df15b870fe7681d4b8e05923d241

https://preview.redd.it/bv30evwj7q891.jpg?width=1000&format=pjpg&auto=webp&s=b2b07e176e34676461f2ca7087a7e1b71f3461f3

https://preview.redd.it/i259f53k7q891.jpg?width=1000&format=pjpg&auto=webp&s=c005fc1d8c9a6e85af8d585af4b0a07e193fb0e3",1656580370.0
ÿßÿØÿπŸÑŸäŸÑŸÑŸä,0,vimqkr,Addidas,https://www.reddit.com/r/Addidas/comments/vimqkr/ÿßÿØÿπŸÑŸäŸÑŸÑŸä/,1," 

ÿßŸÑÿ≥ŸÑÿßŸÖ ÿπŸÑŸäŸÉŸÖ

ÿßŸÜÿß ÿπÿ®ÿØ ÿßŸÑÿ±ÿ≠ŸÖŸÜ ÿ∑ÿßŸÑÿ® ŸÅŸä ÿ™ÿßŸÑÿ™Ÿá ÿ´ÿßŸÜŸàŸä ŸÖÿ∞ŸÉÿ±ÿ™ÿ¥ ÿßŸÑÿ≥ŸÜŸá ÿßŸÑŸÑŸä ŸÅÿßÿ™ÿ™ Ÿàÿ≥ŸÇÿ∑ Ÿàÿßÿ≥ÿ™ÿßŸáŸÑ ÿØŸá

ÿπÿØÿ™ ÿßŸÑÿ≥ŸÜŸá Ÿàÿ∞ÿßŸÉÿ±ÿ™ ÿßŸÑÿ≠ŸÖÿØŸÑŸÑŸá ÿ≠ÿßŸàŸÑ ÿßŸÇŸÅŸÑ ÿßŸÑÿ™ŸÑÿ™ ŸÖŸàÿßÿØ ÿ®ÿ™ŸàÿπŸä ÿπŸÑÿ¥ÿßŸÜ ÿßŸàÿµŸÑ ŸÑÿ≠ŸÑŸÖŸä 

ÿßŸÜÿß ÿ∑ÿßŸÑÿ® ŸÖŸÜŸÉ ÿ∑ŸÑÿ® !!!! ÿßÿØÿπŸäŸÑŸä ŸàÿßÿØÿπŸä ŸÑÿ∑ŸÑÿßÿ® ÿ´ÿßŸÜŸàŸä ÿπŸÑÿ¥ÿßŸÜ ÿ®Ÿäÿ™ÿπÿ®Ÿà ÿßŸàŸä  ÿßÿØÿπŸÑŸäŸÑŸÑŸä ÿßŸÇŸÅŸÑ 

ÿßŸÑÿ≥ŸÑÿßŸÖ ÿπŸÑŸäŸÉŸÖ (:",1655953219.0
ÿÆÿßŸÑŸá ÿ≠ÿ∂Ÿàÿ±€å ÿ¥ŸÖÿßÿ±Ÿá ÿÆÿßŸÑŸá ÿ™Ÿáÿ±ÿßŸÜ,0,vie00t,Addidas,https://i.redd.it/poj2we3ra8791.jpg,0,,1655928052.0
bruh im not okay,16,vh4lnw,Addidas,https://i.redd.it/l5iu6f19iw691.jpg,1,,1655785290.0
Help: Why can‚Äôt I select Apple Health in my Addidas Running App when I try to connect my Apple Watch? I have ‚ÄûRead and ‚ÄûWrite‚Äú in the Health App settings on,6,vfq80b,Addidas,https://www.reddit.com/gallery/vfq80b,0,,1655625425.0
is this original,16,vf88f7,Addidas,https://www.reddit.com/gallery/vf88f7,5,,1655565082.0
is this original?,5,vcph0s,Addidas,https://www.reddit.com/gallery/vcph0s,4,,1655280520.0
https://www.reddit.com/r/shitposthistory/comments/va2bj4/creation_of_life/?utm_source=share&utm_medium=web2x&context=3,0,varc0g,Addidas,https://www.reddit.com/r/Addidas/comments/varc0g/httpswwwredditcomrshitposthistorycommentsva2bj4cre/,0,,1655056326.0
Check out „Ç®„É©„Ç§üòπ's video! #TikTok,6,vadwe7,Addidas,https://v.redd.it/niyoo2c974591,0,,1655006754.0
Today's haul! Super stoked to get my first pair of Ultra boosts.,14,v8nb81,Addidas,https://i.redd.it/8ye4ngaq1n491.jpg,4,,1654799081.0
If you need to contact me.,7,v6shhf,Addidas,https://i.redd.it/q4h5f2oyk6491.jpg,8,,1654599727.0
"Focus on quality, quality assurance",3,v646md,Addidas,https://i.redd.it/3lk9pdssb0491.jpg,3,,1654524004.0
Whatchu think about em?,28,v3y3rx,Addidas,https://i.imgur.com/nCvNRvg.jpg,3,,1654258620.0
Bought ultraboost for travelling tomorrow but not sure if I should use them,5,v3b50g,Addidas,https://www.reddit.com/r/Addidas/comments/v3b50g/bought_ultraboost_for_travelling_tomorrow_but_not/,4,"I'm going on a short trip to Vienna and Budapest tomorrow and planning to use just bring one pair of shoes. After some research on reddit, the consensus seems to be ultraboost is the best pair of shoes for comfort during travels.

I bought ultraboost 22 and also went up half a size after seeing some recommendations here on reddit. However they still feel quite snuggly tight (which I guess is part of the design because they're running shoes). My normal size is 10 and I bought the 10.5. My feet are wide though and I can feel some pressure around the ankle areas especially. They also feel too warm for summer weather

I've read that these shoes require some break in period. Should I just bring them with me tomorrow or go back to my normal shoes (I have a very old pair of reebok but it's not tight at all but I'm afraid it's a bit too filmsy now for extended walking)",1654182883.0
Meaningful ad,198,uzsrpu,Addidas,https://i.redd.it/xn6uridfb9291.jpg,3,,1653761143.0
/r/addidas hit 200k subscribers yesterday,14,uyk664,Addidas,https://frontpagemetrics.com/r/addidas,4,,1653606679.0
Are there socks that are just like these but with an adidas logo instead?,13,uvi10c,Addidas,https://www.reddit.com/gallery/uvi10c,10,,1653247196.0
"I had these shoes when I was 11 and they were the most comfortable pair of shoes I had ever worn in my life, do any of you know what model they were?",29,uuxe5x,Addidas,https://i.redd.it/ksf0i8v5mw091.jpg,6,,1653171516.0
This Cup Turns Any Drink Into A Slushy!!! Links In The Comments,0,uth8c4,Addidas,https://youtube.com/shorts/2pmpPtIwYIc?feature=share,0,,1653006873.0
this is not a meme,20,us8yfq,Addidas,https://v.redd.it/gilh9ttce7091,2,,1652866227.0
Help identifying an Adidas running shoe?,4,ur2gup,Addidas,https://i.redd.it/ny5jn18hrvz81.png,4,,1652725405.0
hi,15,uqkfa0,Addidas,https://i.redd.it/k4nxiknspqz81.jpg,3,,1652664248.0
How the Grim Reaper sends good boys to the afterlife in The Sims 3,98,un1oc1,Addidas,https://gfycat.com/plasticimportantdogwoodtwigborer,2,,1652244287.0
does anyone know what those shoes are called?,4,un6q02,Addidas,https://www.reddit.com/gallery/un6q02,4,,1652264790.0
Does anyone know what these shoes are called?,41,ul2ex0,Addidas,https://i.redd.it/7jp7tpr0e9y81.jpg,8,,1652018638.0
god message,4,ugt62i,Addidas,https://www.reddit.com/gallery/ugt62i,3,,1651507970.0
I love the classics.,12,ugdalv,Addidas,https://i.redd.it/web10pa8iyw81.jpg,4,,1651451020.0
I want to practice english!!! Someone?,4,ueet5b,Addidas,https://www.reddit.com/r/Addidas/comments/ueet5b/i_want_to_practice_english_someone/,11,,1651209982.0
Wbjee postponed,2,udpqsp,Addidas,https://twitter.com/HeiPhodna123JEE/status/1519583596884992000?t=nHllUf7MSl-6VrDPoF39EQ&s=09,0,,1651132071.0
Is this cap legit or no. Because I don't remember it having a white logo on white plus the caps behind it makes it even more sus,9,ud9u0v,Addidas,https://i.redd.it/dtju8oya34w81.jpg,7,,1651082794.0
What shoes are these,34,ub2l64,Addidas,https://i.redd.it/nv31ujjw5jv81.jpg,6,,1650829422.0
Widefoot shoe?,1,ub3m1a,Addidas,https://www.reddit.com/r/Addidas/comments/ub3m1a/widefoot_shoe/,0,"Hey, huge adidas fan but it seems like I can‚Äôt find a shoe that fits me anymore.",1650832331.0
What is your favorite shoe from Addidas and why do you love it so much ?,7,u6kyv3,Addidas,https://www.reddit.com/r/Addidas/comments/u6kyv3/what_is_your_favorite_shoe_from_addidas_and_why/,11,,1650309198.0
"what does TL means? Local shop find. Superstar 2 TL . is it a ""lucky"" find? or not so special release?",27,u4eqt1,Addidas,https://www.reddit.com/gallery/u4eqt1,5,,1650048027.0
"i‚Äôm selling human race bbc, size 8.5, red white yellow blue. prices aren‚Äôt negotiable unfortunately because i need money to buy a gift for my mom.",0,u0ix8h,Addidas,https://www.ebay.com/itm/363796810944?mkevt=1&mkcid=16&mkrid=711-127632-2357-0,0,,1649601514.0
Trying to Find my perfect Addidas shoe,24,txaxcj,Addidas,https://www.reddit.com/gallery/txaxcj,7,,1649209645.0
SUUUUUUUUUUUUUUUUIIIIIIIIIIIII,0,tryxqk,Addidas,https://www.reddit.com/r/Addidas/comments/tryxqk/suuuuuuuuuuuuuuuuiiiiiiiiiiiii/,0,CHRISTIANO RILNAOUDO SSSSSUUUUIIIIII,1648616987.0
3,1,tqc4js,Addidas,https://www.reddit.com/r/Addidas/comments/tqc4js/3/,0,"ü¶à we sinais gratuito para a Blaze, e3e  foco em Crash!e3e leia 
f√©rias e3e em Crash!e3e leia blazesharkbot 
f√©rias e3e
ü§ë SEJA VIP: ee
https://t.me/blazesharkbot/e3e
Para ser VIP fale com @DanielSharkBot33

* N√£o obrigamos ningu√©m a entrar, leia leia https://t.me/blazesharkbot/54467regras para uso de nossos servi√ßos.
https://t.me/blazesharkbot",1648482063.0
Random memes on Tiktok 10,149,toifuo,Addidas,https://v.redd.it/8uhwdjyq7op81,5,,1648275494.0
Random memes on tiktok 6,72,toi1kf,Addidas,https://v.redd.it/zkpjldfo2op81,1,,1648273785.0
Bonus meme of the day,40,toij1z,Addidas,https://v.redd.it/4xy3umzz8op81,1,,1648275909.0
Random memes on tiktok 7,20,toi52s,Addidas,https://v.redd.it/myw6ukwy3op81,0,,1648274219.0
Random memes on Tiktok 9,8,toic0p,Addidas,https://v.redd.it/fkpo842b6op81,0,,1648275019.0
Random videos on Tiktok 8,8,toi9fk,Addidas,https://v.redd.it/2btg343f5op81,0,,1648274705.0
Random memes on Tiktok 5,155,tnj0q6,Addidas,https://v.redd.it/4ylz1foqcip81,4,,1648204529.0
Random memes on tiktok 4,67,tnizw8,Addidas,https://v.redd.it/sbdgi4bgcip81,0,,1648204429.0
Random memes on tiktok 3,62,tnikki,Addidas,https://v.redd.it/u1exp7mv6ip81,2,,1648202559.0
Random memes on tiktok 2,40,tnh6i9,Addidas,https://v.redd.it/et0tby6lnhp81,1,,1648196069.0
Anyone want to purchase these Jordan?,26,tnhlg6,Addidas,https://www.wasap.my/919407883116,15,,1648198109.0
Bonus meme of the day,17,tnj4uf,Addidas,https://v.redd.it/ptsjpkp8eip81,0,,1648205030.0
Random memes on TikTok,6,tng59s,Addidas,https://v.redd.it/t3omimke9hp81,0,,1648191317.0
Formal England And Tottenham Striker Jermain Defoe Retires At 39.,1,tnm0zx,Addidas,https://www.jemohgh.com/2022/03/formal-england-and-tottenham-striker.html?m=1,0,,1648215169.0
how do I clean these,6,tndtkk,Addidas,https://i.redd.it/55w4w8l8hgp81.jpg,4,,1648181823.0
Return soccer jersey?,3,timish,Addidas,https://www.reddit.com/r/Addidas/comments/timish/return_soccer_jersey/,0,"My mom bought me a soccer jersey from their website, she ordered the wrong size and email is saying she can‚Äôt return because it‚Äôs personalized? Has a player name and number, not mine

Anything I can do, feels really bad to have my mom waste 70$ trying to do something nice for me",1647787291.0
z ku≈üaƒüƒ± neden bir ≈üirkete ba≈üvurursunuz sizi ne √ßeker?,1,tfeowc,Addidas,https://www.reddit.com/r/Addidas/comments/tfeowc/z_ku≈üaƒüƒ±_neden_bir_≈üirkete_ba≈üvurursunuz_sizi_ne/,1,.,1647427121.0
Adidas foam runner 55USD with box and free shipping,23,tenafl,Addidas,https://v.redd.it/xrw9ky07ejn81,6,,1647345426.0
Foam runner,42,tdqtb2,Addidas,https://v.redd.it/ycik4y94lan81,7,,1647238792.0
Anyone for a legit check of yeezy 700 v2 static please ?,2,te7fta,Addidas,https://www.reddit.com/r/Addidas/comments/te7fta/anyone_for_a_legit_check_of_yeezy_700_v2_static/,0,,1647290979.0
"Help, I‚Äôm searching shoes for both an adult and a baby!",15,t4gp4t,Addidas,https://i.redd.it/0t8qhtjtutk81.jpg,8,,1646164539.0
So I have this addidas jacket from the 90‚Äôs and it has these white stripes going down the shoulder. The stripes are browning‚Ä¶ how can I remove these stains?,76,t16psb,Addidas,https://i.redd.it/7fwtnc7300k81.jpg,46,,1645803105.0
Discussion I had with a lady who has Bipolar Disorder and Psychosis,3,szynjs,Addidas,/r/disorders/comments/szv3lx/discussion_i_had_with_a_lady_who_has_bipolar/,0,,1645667978.0
"Pretty random but these are some of the best sock I‚Äôve ever had, bought them in America can‚Äôt remember where from but haven‚Äôt seen them in the uk since and I‚Äôve lost or broken all but one sock. Anyone know where I can get these?",39,syz6oc,Addidas,https://i.redd.it/1d2beq79fgj81.jpg,10,,1645566067.0
Hey just looking for suggestions. Rubber part turned yellow over time. Never wore them once. Had them for about 3 years only for special occasions. Authentic Adidas as well.,13,sy83d0,Addidas,https://imgur.com/rhHGqf7,10,,1645486482.0
How do I clean the Matchbreak shoes?,40,sss77o,Addidas,https://i.redd.it/y73oiwtqswh81.jpg,14,,1644892621.0
Baby Onesie Wild Boy,1,sta9ck,Addidas,https://happy4service.com/index.php/product/baby-onesie-wild-boy/,1,,1644951241.0
Help locating favorite adidas,3,srqn7u,Addidas,https://www.reddit.com/r/Addidas/comments/srqn7u/help_locating_favorite_adidas/,0,So late eighties I had the cutest adidas. They were white with chrome. I loved them. Forward two weeks new puppy. Forward another week my new adidas we‚Äôre puppy chow. I haven‚Äôt seen any like them since. Anyone have any ideas?,1644780303.0
Not the shoe for wide feets. U path run,14,sq1mzk,Addidas,https://i.redd.it/ec6eh5esz7h81.jpg,1,,1644592313.0
name and colour name pls I know its not addidas but it‚Äôs the only r/ i know,11,spkny8,Addidas,https://www.reddit.com/gallery/spkny8,3,,1644537897.0
HELP! I lost my Sunglasses,1,soiqkn,Addidas,https://www.reddit.com/r/Addidas/comments/soiqkn/help_i_lost_my_sunglasses/,0,"Hi all, I lost my sunglasses and I loved them they were Addidas and were brought in 2016 at the world triathlon series in the UK. They were the male ones and broke down so you could pop off the arms and lenses.
Does anyone know what I‚Äôm talking about or have any idea as to the model or if there‚Äôs an updated equivalent?",1644427097.0
Help me decide,1,skb5bg,Addidas,https://www.reddit.com/r/Addidas/comments/skb5bg/help_me_decide/,2,"I'm looking for something to replace my NMD addiction, got 6 pairs and have been wearing them daily for years.

I think im set on Ultraboost but cant decide between the 2.0-5.0, or 20s/21s.

Any sneaker heads that can chip in? 

All black for my first pair, will look into different colourways if I like them.",1643974318.0
Von Miller,26,sjm2qn,Addidas,https://i.redd.it/1y2vv0l30nf81.jpg,1,,1643902324.0
Name and price ????? Please,33,sizzrr,Addidas,https://www.reddit.com/gallery/sizzrr,17,,1643836217.0
Cheap adidas running shoes any good ?,1,sji0wi,Addidas,https://www.reddit.com/r/Addidas/comments/sji0wi/cheap_adidas_running_shoes_any_good/,0,"So I've been looking into getting a new pair of shoes for daily use and gym and i looked into some of running shoes which cost like 30-50 usd ( 2000-4000 ‚Çπ ) 
And ive been wondering if theyre actually any good or just bad .",1643891476.0
Could someone help me find this jacket?,1,siv8jc,Addidas,https://www.reddit.com/r/Addidas/comments/siv8jc/could_someone_help_me_find_this_jacket/,3,"I have searched the internet and contacted addidas but they couldn't help me. I hope i can find answers trough reddit thanks.
The photo is from this video.
https://youtu.be/VlLgZyGb37U
0:21
Thanks. https://imgur.com/UMGgofd.jpg",1643824837.0
Method for restoring hardened sole?,1,shevlo,Addidas,https://www.reddit.com/r/Addidas/comments/shevlo/method_for_restoring_hardened_sole/,0,"Hey guys, I have a pair of ROMs that are about 20 years old.  They're still in great shape but the sole has become hard and brittle.  Does anyone have a method for reconditioning the hardened rubber so they are more pliable again?  Thanks in advance for your suggestions.",1643669670.0
Adidas' potential new product Survey,4,sfhxxz,Addidas,https://www.reddit.com/r/Addidas/comments/sfhxxz/adidas_potential_new_product_survey/,0,"Hey everyone!

I'm a Design student making some research. If you have time, please help me fill out this survey on an Adidas' potential new product.

It just has a few questions and it wouldn't take more than 2 minutes to complete, thanks a lot :D

[https://forms.gle/eexCoCdVkmgUPs967](https://forms.gle/eexCoCdVkmgUPs967)",1643462164.0
A warm soft hug for my feet. D rose 11. Just bought for only 45‚Ç¨,22,set1j6,Addidas,https://www.reddit.com/gallery/set1j6,5,,1643382917.0
Sneaker Survey for my Bachelor's Thesis - link in comments,7,sdn60p,Addidas,https://i.redd.it/y1pn7qpsmqd81.jpg,1,,1643249812.0
I Built A Website To Track Resellers Sneaker Raffles!,5,sdnfrq,Addidas,https://www.reddit.com/r/Addidas/comments/sdnfrq/i_built_a_website_to_track_resellers_sneaker/,2,"Hello Everyone,

I noticed on Instagram that there are a ton of raffles where you can pay $10 to enter and win shoes (Yeezys, Jordans, etc.) that cost over $300. To help other people find these raffles, I built a [website](https://shoeraffles-813528053dbc5ff4f0a2.webflow.io/) where you can signup to receive real-time notifications of these sneaker raffles. LMK what you think of the [website](https://shoeraffles-813528053dbc5ff4f0a2.webflow.io/).

Website: [https://shoeraffles-813528053dbc5ff4f0a2.webflow.io/](https://shoeraffles-813528053dbc5ff4f0a2.webflow.io/)",1643250599.0
"‡§™‡§µ‡§ø‡§§‡•ç‡§∞ ‡§ï‡•Å‡§∞‡§æ‡§® ‡§∂‡§∞‡•Ä‡§´ ‡§ï‡•ã ‡§¨‡•ã‡§≤‡§®‡•á ‡§µ‡§æ‡§≤‡§æ ‡§ñ‡•Å‡§¶‡§æ ‡§Ö‡§™‡§®‡•á ‡§∏‡•á ‡§ä‡§™‡§∞ ‡§ï‡§ø‡§∏ ‡§ñ‡•Å‡§¶‡§æ ‡§ï‡•Ä ‡§ì‡§∞ ‡§∏‡§Ç‡§ï‡•á‡§§ ‡§ï‡§∞ ‡§∞‡§π‡§æ ‡§π‡•à ? Saint Rampalji Maharaj app ‡§∏‡•á ‡§™‡§µ‡§ø‡§§‡•ç‡§∞ ‡§™‡•Å‡§∏‡•ç‡§§‡§ï ""‡§Æ‡•Å‡§∏‡§≤‡§Æ‡§æ‡§® ‡§®‡§π‡•Ä‡§Ç ‡§∏‡§Æ‡§ù‡•á ‡§ú‡•ç‡§û‡§æ‡§® ‡§ï‡•Å‡§∞‡§æ‡§®"" ‡§ï‡•Ä PDF ‡§°‡§æ‡§â‡§®‡§≤‡•ã‡§° ‡§ï‡§∞‡•á‡§Ç",0,sce5f0,Addidas,https://i.redd.it/v4tf4rpe9ud81.jpg,3,,1643118509.0
Does anyone recognize these shoes? They are my wife's favorites and I want to get her a similar style. Thanks in advance.,15,s6kgdt,Addidas,https://www.reddit.com/gallery/s6kgdt,11,,1642468148.0
Feos o lindos,1,s6o7jl,Addidas,https://www.reddit.com/r/Addidas/comments/s6o7jl/feos_o_lindos/,0,"Si una persona fea les habla como reacci√≥n?

[View Poll](https://www.reddit.com/poll/s6o7jl)",1642478980.0
"Bonsoir √† tous, pouvez-vous m'aider √† remplir ce sondage pour la protection de l'environnement.",1,s6gebn,Addidas,https://docs.google.com/forms/d/e/1FAIpQLScDj-ZvT5HOtjXHnIFFZmNLt87wfwNOrIm9doZIzVjCu7QFWA/viewform?usp=sf_link,0,,1642457290.0
Saw this sole today‚Ä¶ what do you guys think,42,s4f0m1,Addidas,https://i.redd.it/uqcej4382tb81.jpg,12,,1642232289.0
Is this color Lite Racer BYD 2.0 ever available?,3,s2spwy,Addidas,https://www.reddit.com/r/Addidas/comments/s2spwy/is_this_color_lite_racer_byd_20_ever_available/,0,"I think this shoe/color combo looks great, but I seem to be unable to find it anywhere. Is this carbon black/camo stripe shoe still made in the Lite Racer BYD 2.0 series? I'm not the best with Addidas or shoes in general and don't often post, so any comments would be interesting. Thanks!

[Here's the link to the shoe](https://www.amazon.com/adidas-Racer-Trail-Running-White/dp/B091MPQWW4/ref=sr_1_2?crid=6CG8QXS3P7HS&keywords=lite%2Bracer%2Bbyd%2B2.0%2Bshoes%2Bmen&qid=1642055327&sprefix=lite%2Bracer%2Bby%2Caps%2C102&sr=8-2&th=1&psc=1)",1642055616.0
Current State of friends ultraboosts,3,s1hoho,Addidas,https://www.reddit.com/r/Addidas/comments/s1hoho/current_state_of_friends_ultraboosts/,0,"&#x200B;

https://preview.redd.it/nhu3ae9ya3b81.png?width=285&format=png&auto=webp&s=43517aa066d001328b26827dc99b38c77f00ed6d",1641920448.0
Anyone no the name of this shoe? And where to find it?,45,s1085c,Addidas,https://i.redd.it/0nxjvd0slya81.jpg,12,,1641863556.0
It‚Äôs a lifestyle.. I remember the stripes before the checks..I‚Äôm just saying,49,rz7wuv,Addidas,https://www.reddit.com/gallery/rz7wuv,14,,1641670490.0
R34 GTR Detailing Feature I Nissan GT-R R34 vs Nissan GT-R R35,1,rzaxk5,Addidas,https://youtube.com/watch?v=Qmg8b7DJpNA&feature=share,0,,1641678412.0
Adiease replacement?,1,rz9w4c,Addidas,https://www.reddit.com/r/Addidas/comments/rz9w4c/adiease_replacement/,2,"With Adiease being discontinued üò¢, can anyone recommend another model with the same fit?",1641675653.0
Can anyone help me with the model of this shoe?,18,rri4t6,Addidas,https://www.reddit.com/gallery/rri4t6,8,,1640810461.0
Loving my new Vegan Sambas. They look and feel great!,6,rqkj7j,Addidas,https://imgur.com/a/1G3hIKd/,1,,1640711439.0
Feliz Navidad,15,rop6vb,Addidas,https://v.redd.it/3ai9b872ct781,4,,1640492698.0
Need help idk if this is for boys this og addidas hoodie,45,robeq3,Addidas,https://www.reddit.com/gallery/robeq3,29,,1640445046.0
Your EDM Q&A: Noveliss and Dixon Hill Workforce as much as Carry Music to the I Ching [Video],3,rnln5d,Addidas,https://www.reddit.com/r/Addidas/comments/rnln5d/your_edm_qa_noveliss_and_dixon_hill_workforce_as/,1,"  Your EDM Q&A: Noveliss and Dixon Hill Workforce as much as Carry Music to the I Ching \[Video\]    
  
   Beatmaker Dixon Hill and rapper Noveliss have each been making waves in their very own proper, of their house metropolis of Detroit and the hip hop scene at massive. A touring artists with an MF Doom tattoo and a love of philosophy, Noveliss (Jarred Douglas) splices hard-hitting topics with peaceable pronouncements and has been releasing well-crafted, Asian philosophy-tinged work since 2018. Dixon Hill is a lover of classic mods and funky melodies, Dixon Hill‚Äôs put out plenty of game-changing releases each solo and dealing with different artists. They got here collectively just lately in a collab that rivals any indie hip hip launch on the market, the just lately launched album,  Ebook of Adjustments.     
  
Whereas each subject material and sound on¬† Ebook of Adjustments  would lead some listeners to tag this album ‚Äúacutely aware rap,‚Äù the work can be enjoyable, danceable and works as a chunk of music that‚Äôs not nearly its content material. That mentioned, the content material additionally occurs to be fairly expansive. You couldn‚Äôt actually come away from this album with out clocking some severe perception, and also you wouldn‚Äôt wish to.    
  
With out drawing too many parallels with  Wu Tang  (and particularly  Rza , his numerous meditations, his guide  The Tao of Wu  and the   Ghost Dog  soundtrack ), it appears each Noveliss and Dixon Hill wished to work collectively on their interpretation of the well-known  I Ching of Chinese tradition, also known as the Book of Changes . With funky, semi-lofi beats from Hill and articulate, thought-provoking flows from Douglas, it appears the pair are modernizing the traditional textual content and contextualizing it for the trendy period, and it‚Äôs none too quickly with present occasions as they‚Äôre.    
  
Usually when introducing artists to our readership, YEDM likes to do a brand new artist highlight or another brief type, however it was clear with these two artists and the standard of the document that they‚Äôve rather a lot to say, and we wished to listen to it. We sat down with Noveliss and Dixon Hill to speak about  Ebook of Adjustments,¬† ‚Äúacutely aware rap‚Äù and why, with this album, it simply clicked.    
  
How did the 2 of you come to work collectively on the  Ebook of Adjustments  album?     
  
Noveliss : Dixon reached out to me and I checked out his work and was immediately excited to see what we might give you.    
  
DH : I had a connection to Detroit by  my work with Guilty Simpson  and I began reaching out to different emcees from ‚Äòthe D‚Äô that I revered. I despatched a batch of beats to Nov by way of e mail, having been a fan of his for the reason that early days of Clear Soul Forces. I‚Äôd periodically hear his voice in my head whereas making beats. He was fast to get to work, and the remaining is historical past.    
  
Noveliss, East Asian tradition and philosophy appear to characteristic closely in your work and also you each have an curiosity in I Ching and different philosophical guides. Apart from the apparent Wu Tang affect, what‚Äôs the draw for you of those texts and concepts?¬†     
  
Noveliss : As a longtime pupil and practitioner of Martial Arts, I‚Äôve at all times been all for Asian philosophy and the religious nature of martial arts, typically much more than the bodily facet of it. I‚Äôm at all times all for studying one thing or practising one thing that may lead me to a greater model of myself.    
  
DH : Wu-Tang is for the kids.     
  
Left to proper: Noveliss and Dixon Hill      
Dixon‚Äôs type accommodates fairly a little bit of funk and melody, which is a bit more smoothed out than earlier Noveliss choices and it appears to offer  Ebook of Adjustments  a extra peaceable outlook. Was it a acutely aware choice to easy out the sides with extra funk and lofi vibes?     
  
DH : Once I make beats, a variety of completely different kinds and influences have a tendency to come back out of me. In sooner or later I‚Äôll make one thing quiet and introspective and the following beat is aggressive and rash. Once I was selecting beats to ship to Nov for the venture, I used to be extra involved with how his circulation would match with the beat and whether or not or not the beat gave him sufficient area to be inventive. I discover that while you maintain this in thoughts the beats are inclined to naturally fall into place and later you uncover the thread that unifies them after the lyrics are added.    
  
It was a acutely aware choice to sit down down and make beats, however after that I‚Äôm reacting to sounds and dealing on intuition; it‚Äôs only after the truth that I can put a label on it and tie the beat‚Äôs identification to any kind of vibe.    
  
Noveliss : The sound of this venture was all Dixon Hill, in addition to the concept to tie all of it into the I-Ching or the Chinese language Ebook of Adjustments. We each share a mutual curiosity in these philosophies and it was dope to come upon that in the course of the course of of constructing this.    
  
How did the songwriting course of go when it comes to working collectively?     
  
Noveliss : Noveliss on the pen, Dixon Hill on the sound. We have been subconsciously on the identical web page earlier than we even mentioned the central theme of the venture. The beats he was sending and the stuff I used to be writing simply matched up completely. A number of the songs required me to open up a few of my books and refresh my reminiscence. My favourite instance is, within the tune ‚ÄúFeng Shui,‚Äù the whole tune relies on the 5 forces idea of feng shui.    
  
  
The ‚Äústeel‚Äù pressure of feng shui has been described because the ‚Äúsinking sundown.‚Äù I‚Äôve a line within the tune that reads ‚ÄúInner development, he swam to the sinking sundown, eight Immortal Sword, his learning wasn‚Äôt carried out but‚Ä¶‚Äù that ties in my connection to the steel pressure which might be my learning of the sword. I‚Äôm extraordinarily happy with the way in which this tune was written.    
  
  
DH : The method was easy from a manufacturing standpoint. I trusted Nov to handle his verses, as a result of he takes his craft critically. The one time I requested him to re-do a verse was when he informed me he knew he might higher. I might inform he was pushing himself and that makes me really feel good as a result of I do know he was taking the venture as critically as I used to be.    
  
On the flipside, Nov revered my manufacturing choices and allowed me to get inventive with the idea. Each tune is a puzzle and there are at all times challenges when making an attempt to make a venture really feel full however this venture represents us at our very best as a result of we had the liberty to experiment. Nov left some areas on ‚ÄúFeng Shui‚Äù so I ended up singing a hook. That was by no means the plan, however that‚Äôs what occurred. The method simply felt pure.    
  
Noveliss, you appear to have a knack for with the ability to discuss heavy topics however balancing it with philosophy or religious concepts. How necessary is it so that you can get your concepts out on this manner? Is that this a steadiness you‚Äôre feeling you prefer to strike in your personal life/expertise?     
  
Noveliss : Completely, every little thing is related. I at all times attempt to present a perspective of studying from every expertise and making use of every little thing to attaining the most effective model of your self. Balancing these heavy topics by the lens of religious nature or philosophy is simply connecting the dots, making an attempt to make sense of issues we actually don‚Äôt perceive.    
  
  
  
Talking of heavy topics versus religious steadiness, as each of you appear to be on the indie fringe of hip hop, how do you‚Äôre feeling about the entire ‚Äúacutely aware rap‚Äù style or type? Do you assume it must be labeled as such? Do you will have any criticism of the present mainstream hip hop tradition/subject material/sound?     
  
Noveliss : For my part, there isn‚Äôt a such factor as ‚Äúacutely aware rap.‚Äù To be acutely aware? Like what does that label even imply? To me, it implies that being conscious of the world round you, and sharing your view is uncommon in hip hop and that‚Äôs simply not true. Positive, we‚Äôd not like what different folks speak about or how they get their message out however it‚Äôs all ‚Äúacutely aware,‚Äù no matter it‚Äôs.    
  
DH : Labeling music is a advertising choice. Once we label a chunk of music we basically negate the nuance and particulars of it. It‚Äôs handy to corral music kinds into genres, however it doesn‚Äôt get to the bone of what we really expertise once we hear any specific piece of music. Its very straightforward for rap music to grow to be too self-referential or stagnant by means of its personal traditionalism, and the extra artists that ascribe to genres of hip hop the extra we as listeners are inclined to get bombarded with the identical repackaged content material.    
  
Hip Hop has at all times been a method of music that represented inventive freedom for me and I discover that more often than not, hip hop that‚Äôs labelled ‚Äúacutely aware rap‚Äù captures that freedom extra typically for me. I feel for those who step outdoors of the generally accepted subject material of hip-hop you are inclined to hit peoples ear‚Äôs with one thing recent, and typically that simply will get boiled right down to ‚Äúacutely aware rap‚Äù. Rap that encourages folks to have a look at their world in a different way is thrilling and must be celebrated for its braveness and its element, not labeled for comfort sake. Oh yeah‚Ä¶.and mainstream music is generally rubbish.    
  
Dixon, how was this venture completely different for you and the way did you adapt your type? Was it simpler or tougher to include the one that you love classic tools on this album?     
  
DH : This venture was completely different in a couple of key methods. Noveliss was nice to work with, like I mentioned earlier than, he takes his craft critically and I really feel he reacts to the temper of my beats precisely.    
  
  
I‚Äôve had conditions the place I ship an introspective beat to somebody and so they come again with a verse about sending dick pics, and I feel to myself ‚Äúhave been we listening to the identical beat?‚Äù That was by no means an issue with Nov.    
  
  
So far as arranging the album, the method match simply into my trajectory as an artist. My final instrumental album (  Holodeck Beats: Program 3  ) I made a acutely aware effort to tie the beats along with a story, and have the album really feel like a whole complete with good bookends and transitions. Ebook of Adjustments was a full realization of that very same objective and a part of that was the wealth of uncooked supplies I had and the setting by which I used to be working. I nonetheless rocked with my tape machines and previous gear for certain, however I used to be remoted in a cabin within the desert, with no web, fully locked in on the album and the I Ching idea.    
  
What‚Äôs up subsequent for every of you? Any plans to work collectively once more?     
  
DH : I at all times have music within the works. Some collabs are on the horizon though I can not say an excessive amount of but. I‚Äôd like to work with Nov once more, I feel we will proceed to make nice music collectively. He was an excellent collaborator and I‚Äôm happy with what we made.    
  
Noveliss : Hopefully getting again to touring, at all times engaged on extra stuff. Positively would like to work collectively once more, I feel there‚Äôs one thing right here that doesn‚Äôt exist elsewhere.    
  
Ebook of Adjustments  is out now and could be streamed or bought on a number of platforms  here . Take a look at different work from  Noveliss  and  Dixon Hill  by clicking on their respective names.    
  
  
  
  
  
  
  
Source link    
  
   [https://edmglobalproducers.com/your-edm-qa-noveliss-and-dixon-hill-workforce-as-much-as-carry-music-to-the-i-ching-video/](https://edmglobalproducers.com/your-edm-qa-noveliss-and-dixon-hill-workforce-as-much-as-carry-music-to-the-i-ching-video/)    
  


https://preview.redd.it/wirvq7l5lh781.jpg?width=1200&format=pjpg&auto=webp&s=018ce2e5fdd6e47b116c93d0f735b86a1909d490",1640349988.0
/r/addidas enters TOP 5000 subreddits,1,rllpbh,Addidas,https://frontpagemetrics.com/r/addidas,0,,1640113660.0
WHAT SHOES ARE THE MODEL WEARING!!,52,rkue8e,Addidas,https://www.reddit.com/gallery/rkue8e,12,,1640026720.0
ü¶ãü§ëü¶ãü§ë,45,rj2ezb,Addidas,https://i.redd.it/m3qjpdp5k8681.jpg,0,,1639813273.0
Free PSN Codes,1,rhax3p,Addidas,http://psnlord.com,0,,1639606478.0
Adidas life,0,rf021y,Addidas,https://i.redd.it/ttx2gfabu6581.jpg,7,,1639348207.0
FREAK OF NATURE reps 225 for 50,2,reexh2,Addidas,https://v.redd.it/wum79uilru481,3,,1639276177.0
"Adidas shoe game is strong this year. I went from only wearing checks to now mostly wearing strips. If you know, you know.",82,rd77hc,Addidas,https://i.redd.it/vt4kr1s3hp481.jpg,15,,1639137929.0
My daughter in fifth grade made this photo in photoshop for her art class assignment,80,r9l2d0,Addidas,https://i.redd.it/aaimfzvfir381.jpg,4,,1638726748.0
What kind of training pants are these? Can‚Äôt find on Addidas website.,13,r6ryw0,Addidas,https://i.redd.it/dsm24n88i0381.jpg,10,,1638399788.0
One of my favorite addidas pair of socks!! Anyone have similar ones they recommend?,30,r4h3hk,Addidas,https://i.redd.it/3p7ikp4t4f281.jpg,12,,1638141031.0
Dam miss my favorite addidas slides history my God never thought I had last pair since 2008 been buying them foam addidas need to start making them again these slides were the most gangster slides I ever worn,12,qyt8np,Addidas,https://i.redd.it/dq0w6mgyqx081.jpg,2,,1637494705.0
Is plastic supposed to peel off the nizzas?,11,qydh60,Addidas,https://www.reddit.com/gallery/qydh60,1,,1637438444.0
/r/addidas hit 90k subscribers yesterday,3,qw6177,Addidas,https://frontpagemetrics.com/r/addidas,0,,1637174828.0
I cannot decide. Pls help me,31,qvpidk,Addidas,https://www.reddit.com/gallery/qvpidk,25,,1637118563.0
Thinking of buying my mom Stan smiths size 5 but then I saw kids size 5 for 4 pounds cheaper. I checked sizes in cm and it looks the same is a good idea or should I get the adult or kids size 5.5 for the width,4,qtcsc5,Addidas,https://www.reddit.com/gallery/qtcsc5,3,,1636845998.0
"Does anyone else think it‚Äôs strange that there isn‚Äôt a major black owned sneaker organization, despite how much black culture is leveraged to sell products?",20,qraeeg,Addidas,https://www.reddit.com/r/Addidas/comments/qraeeg/does_anyone_else_think_its_strange_that_there/,23,[we want to change that](https://instagram.com/ablacksneakerco?utm_medium=copy_link),1636596889.0
Access denied üôÖüèº‚Äç‚ôÇÔ∏è,7,qnrf8s,Addidas,https://www.reddit.com/r/Addidas/comments/qnrf8s/access_denied/,1,I got early access to Yeezy 450 marshmallow through the Confirmed App. I buy tons of sneakers and when they didn‚Äôt come in normal amount of time I requested support via Adidas App where I was told they attempted to deliver but there was a problem on my end so the shoes were returned and I would receive my money back which I didn‚Äôt want. I then realized that the shoes never left the warehouse through the tracking #. Once I brought it to the reps attention he stuttered a little and put me on hold for 15min. When he came back on he told me they sold me shoes they didn‚Äôt have in stockü§Ø I got early access so I thought my order would be filled first. They refused to give me early access on another pair of shoes which I thought was only fair considering. They did return my money but I have the worst feeling about Adidas now üòï Rant over,1636167979.0
"Can someone find a specific adidas sweater, it‚Äôs dark grey / green and it has huge lettering almost like a pattern all over the sweater, it‚Äôs almost like a knit sweater. Links / pics or even names would be appreciated !!",7,qn3szx,Addidas,https://www.reddit.com/r/Addidas/comments/qn3szx/can_someone_find_a_specific_adidas_sweater_its/,0,,1636088609.0
/r/addidas hit 80k subscribers yesterday,8,ql7lq7,Addidas,https://frontpagemetrics.com/r/addidas,0,,1635869356.0
What are these? Can somebody tell?,48,qhnsuh,Addidas,https://i.redd.it/9go09iu677w71.jpg,12,,1635429888.0
How do I clean this it's like alot of built up dirt,27,qejv79,Addidas,https://www.reddit.com/gallery/qejv79,35,,1635045591.0
Help me identify!,18,qav0bp,Addidas,https://www.reddit.com/gallery/qav0bp,8,,1634588035.0
Please help me identify those,5,qajx15,Addidas,https://www.reddit.com/r/Addidas/comments/qajx15/please_help_me_identify_those/,1,"&#x200B;

https://preview.redd.it/656eujw8r6u71.png?width=1108&format=png&auto=webp&s=62c90a2f690848fe3c90a8f727a3781176001b45",1634552833.0
Ozeila secured,53,q8uz8i,Addidas,https://www.reddit.com/gallery/q8uz8i,10,,1634324213.0
What's the name of this shirt?,9,q8tx0e,Addidas,https://i.redd.it/t3pott2plnt71.png,2,,1634320985.0
Im tryna find what model this shoe is can anyone help me,2,q8s7b9,Addidas,https://i.redd.it/il3xx6hh6nt71.jpg,0,,1634315815.0
I‚Äôve been looking for the same pair of shoes. I know it‚Äôs from 2016 or 2015. Does anyone know where I can find like these???,13,q7dlig,Addidas,https://i.redd.it/ku8e25jbk8t71.jpg,7,,1634138869.0
Get the exclusively best black leather show,9,q5x6yy,Addidas,https://i.redd.it/3hx9nni11us71.jpg,2,,1633962891.0
New nmds broke,1,q3ziqo,Addidas,https://www.reddit.com/r/Addidas/comments/q3ziqo/new_nmds_broke/,0,"Bought some very nice nmds in July. The top hole for the lace broke. The right hand side looks like it‚Äôs following suit.

Is this something that Addis‚Äôs will fix for you? Not even a year old :( my ultraboost lasted over 3 years.",1633705267.0
Best Addidas for comfort?,7,q3cdc7,Addidas,https://www.reddit.com/r/Addidas/comments/q3cdc7/best_addidas_for_comfort/,6," Hi!

I know this is probably sacrilege here but I am not a shoe person. Please don't hate me. I suck at fashion things in general.

That said, I have a gift card from footlocker and a need for new work shoes. I'm on my feet all day and the converse I have are leaving me unable to walk the day after my shifts.

So, for someone who has never bought brand name shoes, and just needs something black and comfortable, what should I buy?",1633622844.0
What model are these?? Pls and ty,16,q1ivi4,Addidas,https://i.redd.it/avtzsdspwir71.jpg,5,,1633392409.0
To buy or not to buy..? Couldn't find anything out about these bad boys....,12,pxyr0a,Addidas,https://www.reddit.com/gallery/pxyr0a,6,,1632932101.0
What model is this?,2,py0cal,Addidas,https://www.reddit.com/r/Addidas/comments/py0cal/what_model_is_this/,0,"Hey guys!   


My friend found these in his basement (he says he got them like 20 years ago), but I can't figure out which model they are, of if they are worth anything.  


Anybody with more info can help me out?

&#x200B;

https://preview.redd.it/xxp2alfe9hq71.jpg?width=560&format=pjpg&auto=webp&s=e84c4352699ee43bd02a8f85e310305acba7821e

https://preview.redd.it/0ch1xife9hq71.jpg?width=750&format=pjpg&auto=webp&s=37585eeed4fad7d331c0adffb5c44d45c30428ed

https://preview.redd.it/m7j3bmfe9hq71.jpg?width=560&format=pjpg&auto=webp&s=50f5c309d1f2b712283ae12201bdde3c11150df7",1632936621.0
Y3 Boxing shoes,1,pxaegz,Addidas,https://www.reddit.com/r/Addidas/comments/pxaegz/y3_boxing_shoes/,0,I have a question regarding the Y3 shoes. Are they just for style or can they be used for working out in (boxing training)? Would I better getting a performance pair of boxing boots ? Thanks,1632847400.0
"I saw these in a pinterest post and I kinda wanna look into them, does anybody know the name of the shoes?",7,ptl3as,Addidas,https://i.redd.it/pxqm2rgdt5p71.png,1,,1632362250.0
When addidas has socks in your favorite color!!!,43,pt8e3n,Addidas,https://i.redd.it/fx2y174ub2p71.jpg,8,,1632319979.0
Can anyone identify these? I love this style.,44,pt6rp5,Addidas,https://i.redd.it/dq1onja7w1p71.jpg,6,,1632314720.0
Love this..... #Addidas,4,ptf5di,Addidas,https://i.redd.it/rnz81co2x3p71.jpg,2,,1632339231.0
Are new Ultraboosts made differently?,7,ps9rjq,Addidas,https://www.reddit.com/r/Addidas/comments/ps9rjq/are_new_ultraboosts_made_differently/,2,"Last two pairs of UBs I had where the most comfortable pairs of shoes I ever owned. I wore both until they pretty much disintegrates. 

Recently I bought a new pair. 

Not sure if I just need a different size, but these were insanely uncomfortable. Like the stitching dug into the top of my toes causing chaffing. Also in general my feet are in pain after wearing them for a weekend

For reference I got these adidas Men's Ultraboost 21 Running Shoes https://www.amazon.com/dp/B087F7P9V7/ref=cm_sw_r_apan_glt_fabc_9VP2JHX6RZM5TSD1279R?_encoding=UTF8&psc=1",1632192216.0
Which Countries Pay the Most for Adidas Superstars,33,plopaw,Addidas,https://i.redd.it/r1ry3l7efpm71.png,2,,1631292108.0
TV,1,pm4890,Addidas,/r/BitcoinBeginners/comments/pm2qjb/why_does_coinbase_need_my_id_and_address_info/,0,,1631352033.0
Where is the best place I can buy sambas online ? I didn‚Äôt see any directly from addidas.com ?,3,pl3lal,Addidas,https://www.reddit.com/r/Addidas/comments/pl3lal/where_is_the_best_place_i_can_buy_sambas_online_i/,5,,1631212161.0
YEEZY FOAM RUNNER ‚ÄúYellow Ochre‚Äù (First Impressions!),2,pkyaec,Addidas,https://youtu.be/yjlydvI0sn8,0,,1631195753.0
Forums on feet,58,pgiz0m,Addidas,https://i.redd.it/6p8fn6l2o3l71.jpg,3,,1630592809.0
Jake Paul Nike Commercial - Be Legendary,3,pfrk0e,Addidas,https://youtu.be/r4_cv1J61z4,2,,1630494075.0
Does anyone know why the flaps tend to move to the sides? I can't find a way to keep them in place.,18,paiucd,Addidas,https://i.redd.it/u5q1uendi9j71.jpg,6,,1629791839.0
Adidas YEEZY V ULTRABOOST,3,p9tx3p,Addidas,https://youtu.be/ThBS5l7rG0I,0,,1629699475.0
What are these shoes called?,18,p9beh1,Addidas,https://v.redd.it/r4gujsdbiwi71,4,,1629634441.0
Good idea or Bad idea,82,p91uqx,Addidas,https://i.redd.it/fsasbwi8ssi71.jpg,18,,1629589343.0
Shoes are lost or stolen at Addidas,5,p9crmy,Addidas,https://www.reddit.com/r/Addidas/comments/p9crmy/shoes_are_lost_or_stolen_at_addidas/,2,"I ordered a pair of shoes that were just released. 9 days ago a shipping label was created for USPS and the product was supposedly delivered to a ‚Äúpartner‚Äù facility. Nothing since then. USPS never received the item and Addidas won‚Äôt help. After multiple attempts to explain this to customer service all they tell me is to wait‚Ä¶it‚Äôs easy to kick the can down the road (and some of these people are rude). 

I assume at this point that the shoes are lost or stolen at Addidas and NO ONE CARES!

A warning to all‚Ä¶I would not order newly released shoes from the Addidas site. Until such time that they improve their processes, just order somewhere else.",1629640086.0
Channel Black bags For more discount and pictures DM on IG : ahusport1991,1,p9dzcc,Addidas,https://www.ahusport1991.com,0,,1629644538.0
Yup had to grab my coffee at McDonalds before my shift.... caffeine/ haters .,18,p76mp1,Addidas,https://i.redd.it/cl69n719e8i71.jpg,0,,1629342498.0
Just copped as soon as I saw had to add to the adidas collection,39,p6cuuk,Addidas,https://i.redd.it/pv4wlgfijzh71.jpg,5,,1629235309.0
Deez Fire...Just copped...Raining so I won't be rocking these.,7,p6cqyz,Addidas,https://www.adidas.com,2,,1629234981.0
Can anyone help me find this shoe. The model name of any details on it,3,p6fohq,Addidas,https://i.redd.it/11e206ywa0i71.jpg,0,,1629244519.0
"Hello everyone, I come from a shoe factory supplier in China, perfect quality, perfect price, retail or wholesale. The transportation method can be selected: DHL, UPS, EUB, EMS, FedEx, FBA, etc., and the line is stable. Payment methods can be supported: PayPal or bank transfer or Western Union, etc",11,p676bp,Addidas,https://www.reddit.com/gallery/p670gm,0,,1629217316.0
1,1,p4s726,Addidas,https://www.reddit.com/r/Nike/comments/p4s65j/hello_everyone_i_come_from_a_shoe_factory/?utm_medium=android_app&utm_source=share,1,,1629029021.0
"Hello everyone, I come from a shoe factory supplier in China, perfect quality, perfect price, retail or wholesale. The transportation method can be selected: DHL, UPS, EUB, EMS, FedEx, FBA, etc., and the line is stable. Payment methods can be supported: PayPal or bank transfer or Western Union, etc.",1,p4l60r,Addidas,https://www.reddit.com/gallery/p4hal7,0,,1628994254.0
"Sunny weather, on behalf of a beautiful mood! All the best to those I love and those who love me!",7,p363im,Addidas,https://www.reddit.com/gallery/p363im,0,,1628793905.0
Ninja shoes broken,3,p3amvw,Addidas,https://www.reddit.com/r/Addidas/comments/p3amvw/ninja_shoes_broken/,1,One of my pieces on the laces of the ninja shoes came off and broke and I need a quick fix immidiately.,1628807779.0
ËøôÊòØÊàë‰∫≤Ëá™‰∏ãÂé®‰ΩúÁöÑÊôöÈ§êÔºåÊàëËßâÂæóÈùûÂ∏∏ÁæéÂë≥Ôºå‰Ω†‰ª¨ËßâÂæóÂë¢Ôºü,18,p2pwin,Addidas,https://i.redd.it/f4d9h808ntg71.jpg,2,,1628728091.0
Taking a trip to Portland this week and want to cop some heat. Anyone here know the best local shops in P-town?,1,p1mnrr,Addidas,https://www.reddit.com/r/Addidas/comments/p1mnrr/taking_a_trip_to_portland_this_week_and_want_to/,0,,1628592079.0
"Just finished Lucas (1986) twice ,pretty sure this was a Stan Smith but which blue ?",11,oydw2q,Addidas,https://www.reddit.com/gallery/oydw2q,0,,1628155245.0
I need help finding a pair,3,ouqf86,Addidas,https://www.reddit.com/r/Addidas/comments/ouqf86/i_need_help_finding_a_pair/,1,"I was at the store the other day and found Dame NMDs. They were black with a pink sole and bottom and had a black to pink gradient effect on the sides. There‚Äôs a barcode on the right side.

I can‚Äôt seem to find these shoes anywhere online. Does someone know where I can find these?",1627670211.0
https://afzaldxb.myshopify.com/collections/all,1,ouv2ue,Addidas,https://www.reddit.com/gallery/ouv2ue,1,,1627683008.0
New Arrival,1,ortasa,Addidas,https://www.reddit.com/r/Addidas/comments/ortasa/new_arrival/,0,Pls share New #arrival of #addidas,1627282030.0
join,3,opyt9t,Addidas,https://www.reddit.com/r/Addidas/comments/opyt9t/join/,1,https://t.me/joinchat/CEnHJTn1TUs1Yzlh,1627032311.0
Panda 3: the movie,3,ooh5n4,Addidas,https://www.reddit.com/r/Addidas/comments/ooh5n4/panda_3_the_movie/,0,"Install this app, Watch and download ""Kung Fu Panda 3"" at no cost.
https://www.downloader.world/share2/?para1=19274&para2=2&para4=133&para3=Kung_Fu_Panda_3",1626835570.0
Ultra boost question,3,om67ob,Addidas,https://www.reddit.com/r/Addidas/comments/om67ob/ultra_boost_question/,3,Is there a difference between the utraboost 20 and 21? I‚Äôm just looking for comfortable shoes and these were recommended.,1626535138.0
/r/addidas hit 20k subscribers yesterday,3,oe4naa,Addidas,https://frontpagemetrics.com/r/addidas,1,,1625481225.0
I am lazy because I buy it,24,oaz36c,Addidas,https://v.redd.it/spqlx4eg3f871,3,,1625065234.0
Backgrounds because I‚Äôm lazy because I buy it.,5,ob12pz,Addidas,https://v.redd.it/tq3g2i3rkf871,1,,1625071058.0
Hello everyone! Just did a review on Addidas owned Five Tens shoes and thought I'd share it here! Did you guys know Five Tens were Addidas? Do you own a pair?,1,o4944s,Addidas,https://www.youtube.com/watch?v=T50s_oLPC-A,1,,1624205821.0
Do you like it?,10,o1wsh5,Addidas,https://www.reddit.com/gallery/o1wsh5,2,,1623935169.0
/r/addidas hit 10k subscribers yesterday,1,o1umeq,Addidas,https://frontpagemetrics.com/r/addidas,2,,1623927998.0
‚ÄúNo man is more unhappy than he who never faces adversity. For he is not permitted to prove himself.‚Äù by Lucius Annaeus Seneca The Stoic http://bit.ly/TheStoicApp,7,nzntzi,Addidas,https://i.redd.it/fijt9eiqp8571.png,3,,1623680337.0
USA ONLY I sell branded clothing like shown below for cheap prices ! All sizes (mostly kids and baby) join today to see more https://www.facebook.com/groups/219183909847328/?ref=share,4,nycxjn,Addidas,https://www.reddit.com/gallery/nycxjn,2,,1623522213.0
/r/addidas hit 5k subscribers yesterday,3,nwk5nm,Addidas,https://frontpagemetrics.com/r/addidas,0,,1623320510.0
"58 Austin TX, hoping there's a young man out there that thinks I'm good looking...",0,nvj900,Addidas,https://i.redd.it/z8aqjeqycxj61.jpg,2,,1623199729.0
/r/addidas hit 1k subscribers yesterday,3,nra30q,Addidas,https://frontpagemetrics.com/r/addidas,1,,1622715698.0
Adidas Pug,5,lpfso9,Addidas,https://i.redd.it/s6eolt73qyi61.jpg,0,,1613970727.0
Old school track suit,1,lkepwt,Addidas,http://rover.ebay.com/rover/1/711-53200-19255-0/1?icep_ff3=2&pub=5575378759&campid=5338273189&customid=&icep_item=363287706572&ipn=psmain&icep_vectorid=229466&kwid=902099&mtid=824&kw=lg&toolid=11111,1,,1613399300.0
New way of making shoes,1,kme3pf,Addidas,https://www.businessinsider.com/adidas-developing-plant-based-leather-shoes-2020-12,0,,1609247348.0
adidas logo,2,klrj8l,Addidas,https://i.redd.it/7pdjjullux761.gif,0,,1609165815.0
Fuck scalpers,1,j1jthg,Addidas,https://www.reddit.com/r/Addidas/comments/j1jthg/fuck_scalpers/,0,Went to go get the new lego shoes because I've loved lego all my life and now I can't even get them cause of scalping cunts buying out the whole stock,1601323855.0
Anyone interested in size 12 EQT boost,1,iuerfg,Addidas,https://www.reddit.com/r/Addidas/comments/iuerfg/anyone_interested_in_size_12_eqt_boost/,0,,1600327982.0
Yes,7,i3cjbl,Addidas,https://i.redd.it/kwxt5w7fvwe51.jpg,0,,1596514384.0
Has anyone seen this tracksuit or know where I can find it ?,6,hh20z7,Addidas,https://i.redd.it/78qr16aqui751.jpg,0,,1593293718.0
Nike,1,gitcy9,Addidas,https://www.reddit.com/r/Addidas/comments/gitcy9/nike/,0,Kcyabye,1589350644.0
anyone know what model?,2,gikicj,Addidas,https://www.asos.com/asos-design/asos-design-stretch-tapered-jeans-in-retro-mid-wash-blue/prd/12319361?ctaref=recently%20viewed&fbclid=IwAR3me0apcmfbDFPFvI3gcWe--UbjM5ftxJA6ttJlpg_mVuVfNgOOwi0-5vE,1,,1589317870.0
"Can anyone ID these, please?",3,gdkbnx,Addidas,https://i.imgur.com/hmL0KFD.jpg,1,,1588626886.0
Where can I find this?!?,2,fvl2sd,Addidas,https://i.redd.it/r3gupz2sa2r41.jpg,2,,1586119731.0
Believe,1,ft8ryl,Addidas,https://www.reddit.com/r/Addidas/comments/ft8ryl/believe/,0,Be yourself and love yourself,1585775549.0
"Really need to know the model name of this Jacket, so my buddy can go to university! Anyone?",1,eym9ma,Addidas,https://i.redd.it/v8hmb5r5wue41.jpg,0,,1580799991.0
Anyone know what these are called are where to get them ? Much appreciated,2,crurn5,Addidas,https://i.redd.it/yg88y84px3h31.jpg,1,,1566090534.0
Does anyone know where to get these? Or the new incarnation of them?,2,ciigkk,Addidas,https://i.redd.it/pwzuquxj1vc31.jpg,3,,1564239477.0
Identify please??,2,cftc1a,Addidas,https://i.redd.it/natp5xpc3kb31.jpg,1,,1563671073.0
Can somebody please ID these?,1,8znw40,Addidas,https://i.redd.it/mnnrgd8x0ka11.png,0,,1531853334.0
What shoe is this?,1,6xcf2q,Addidas,https://i.redd.it/gm7pyultd7jz.jpg,2,,1504241855.0
